1518227.458,5260909.599,,,,,
1626242.82,5256516.593,,,,,
1625858.886,5255833.901,,,,,
1625797.298,5255673.084,,,,,
1625725.097,5255484.552,,,,,
1625621.108,5255285.743,,,,,
1625524.92,5255101.731,,,,,
1625424.626,5254818.347,,,,,
1625391.107,5254568.448,,,,,
1625307.626,5254402.033,,,,,
1625240.579,5253852.744,,,,,
1625240.562,5253685.819,,,,,
1625456.941,5253419.393,,,,,
1625473.722,5253335.919,,,,,
1625406.939,5253252.956,,,,,
1625373.427,5253036.551,,,,,
1625389.911,5252953.078,,,,,
1625745.838,5252488.666,,,,,
1625772.996,5252453.229,,,,,
1625784.829,5252450.431,,,,,
1625867.996,5252430.763,,,,,
1626056.373,5252386.213,,,,,
1626106.343,5252319.736,,,,,
1626039.321,5251919.898,,,,,
1625989.334,5251853.431,,,,,
1625755.606,5251687.025,,,,,
1625696.164,5251678.546,,,,,
1625405.546,5251637.086,,,,,
1625188.811,5251487.676,,,,,
1624821.912,5251104.874,,,,,
1624621.456,5250821.501,,,,,
1624621.45,5250777.212,,,,,
1624621.415,5250505.126,,,,,
1624554.632,5250405.176,,,,,
1624538.96,5250396.659,,,,,
1624187.75,5250205.797,,,,,
1624104.277,5250122.343,,,,,
1623970.801,5249855.968,,,,,
1623870.622,5249739.522,,,,,
1623703.644,5249390.183,,,,,
1623626.669,5249307.919,,,,,
1623470.229,5249290.244,,,,,
1623253.289,5249073.857,,,,,
1623070.058,5249007.411,,,,,
1622853.143,5248990.944,,,,,
1622686.717,5249057.43,,,,,
1622386.874,5249374.346,,,,,
1622353.387,5249357.86,,,,,
1622353.362,5249190.923,,,,,
1622403.324,5249040.974,,,,,
1622636.516,5248891.005,,,,,
1622869.923,5248890.975,,,,,
1623019.849,5248774.008,,,,,
1622786.113,5248507.642,,,,,
1622702.623,5248341.216,,,,,
1622636.146,5248291.246,,,,,
1622352.513,5247891.928,,,,,
1622168.755,5247675.542,,,,,
1622018.812,5247609.085,,,,,
1621935.331,5247525.622,,,,,
1621935.331,5247475.642,,,,,
1621935.323,5247425.663,,,,,
1621651.682,5246942.891,,,,,
1621417.946,5246710.009,,,,,
1621284.47,5246443.632,,,,,
1621134.305,5246277.216,,,,,
1620867.37,5245860.911,,,,,
1620650.406,5245428.099,,,,,
1620416.983,5245278.189,,,,,
1620183.246,5245028.82,,,,,
1620049.779,5244812.414,,,,,
1620033.065,5244678.972,,,,,
1620066.254,5244645.979,,,,,
1620066.246,5244579.002,,,,,
1619983.07,5244512.546,,,,,
1619949.575,5244429.083,,,,,
1619665.861,5244163.216,,,,,
1619532.706,5244096.76,,,,,
1618932.095,5243647.501,,,,,
1618365.087,5243314.7,,,,,
1618031.682,5242964.871,,,,,
1617297.934,5242582.608,,,,,
1616914.271,5242466.192,,,,,
1616497.411,5242183.35,,,,,
1616147.334,5242000.467,,,,,
1616047.056,5241884.021,,,,,
1615630.517,5241801.098,,,,,
1615480.262,5241667.665,,,,,
1615346.811,5241634.692,,,,,
1615163.374,5241534.751,,,,,
1614929.967,5241534.772,,,,,
1614563.406,5241418.366,,,,,
1614296.505,5241401.898,,,,,
1613879.892,5241568.874,,,,,
1613696.759,5241568.894,,,,,
1613596.499,5241485.932,,,,,
1613513.009,5241303.018,,,,,
1613210.728,5241113.044,,,,,
1613062.959,5241020.177,,,,,
1612645.802,5240787.314,,,,,
1612379.206,5240737.354,,,,,
1612112.494,5240637.425,,,,,
1612098.5,5240635.425,,,,,
1611879.087,5240604.461,,,,,
1611528.705,5240354.592,,,,,
1611378.746,5240171.679,,,,,
1611078.333,5239872.33,,,,,
1611063.037,5239845.236,,,,,
1610928.168,5239605.944,,,,,
1610811.399,5239505.995,,,,,
1610743.09,5239413.643,,,,,
1610678.838,5239326.582,,,,,
1610577.761,5239189.639,,,,,
1610394.299,5238873.284,,,,,
1609383.391,5237754.911,,,,,
1608769.769,5237026.16,,,,,
1608369.861,5236426.431,,,,,
1607786.526,5235709.757,,,,,
1607636.559,5235426.385,,,,,
1607497.493,5235210.101,,,,,
1607186.674,5234726.698,,,,,
1607020.009,5234426.828,,,,,
1606753.289,5234076.48,,,,,
1606720.091,5233976.521,,,,,
1606836.522,5233793.588,,,,,
1606803.234,5233693.628,,,,,
1606686.563,5233560.185,,,,,
1606436.648,5233393.779,,,,,
1606203.242,5233426.782,,,,,
1605986.533,5233426.802,,,,,
1605586.7,5233576.771,,,,,
1605136.674,5233559.825,,,,,
1604919.974,5233643.308,,,,,
1604803.328,5233793.258,,,,,
1604603.424,5233926.22,,,,,
1604003.358,5233942.767,,,,,
1603703.472,5233859.323,,,,,
1603318.153,5233695.817,,,,,
1603153.466,5233625.962,,,,,
1603033.605,5233566.094,,,,,
1602553.375,5233326.122,,,,,
1601803.622,5232792.891,,,,,
1600936.926,5232393.113,,,,,
1600687.003,5232159.72,,,,,
1600386.903,5231942.825,,,,,
1600120.183,5231676.449,,,,,
1599978.033,5231569.87,,,,,
1599853.571,5231476.549,,,,,
1599820.273,5231376.589,,,,,
1599687.111,5231193.167,,,,,
1599220.273,5230943.297,,,,,
1598837.113,5230842.868,,,,,
1598353.783,5230609.496,,,,,
1597853.772,5230526.063,,,,,
1597737.011,5230443.1,,,,,
1597487.104,5230359.656,,,,,
1597303.658,5230176.234,,,,,
1596720.355,5229826.415,,,,,
1596203.844,5229676.005,,,,,
1595553.791,5229609.579,,,,,
1595003.801,5229509.149,,,,,
1594684.337,5229290.19,,,,,
1594420.49,5229109.351,,,,,
1594220.554,5228909.431,,,,,
1594003.836,5228809.492,,,,,
1593637.267,5228759.532,,,,,
1593387.361,5228692.575,,,,,
1593003.986,5228426.2,,,,,
1592920.72,5228392.717,,,,,
1592453.898,5228359.264,,,,,
1592104.019,5228209.344,,,,,
1591537.24,5228225.871,,,,,
1591320.622,5228292.367,,,,,
1591004.74,5228265.893,,,,,
1590920.773,5228258.904,,,,,
1590737.336,5228175.451,,,,,
1590620.574,5228025.511,,,,,
1590354.151,5227759.126,,,,,
1590004.074,5227542.23,,,,,
1589870.814,5227409.287,,,,,
1589865.116,5227401.398,,,,,
1589654.178,5227108.918,,,,,
1588792.661,5226192.774,,,,,
1588654.18,5225959.412,,,,,
1588465.647,5225720.38,,,,,
1588404.249,5225642.546,,,,,
1588304.284,5225609.563,,,,,
1588170.833,5225526.1,,,,,
1588087.65,5225276.201,,,,,
1587887.712,5225126.272,,,,,
1587604.303,5224842.89,,,,,
1587420.857,5224609.487,,,,,
1587337.583,5224543.02,,,,,
1587004.211,5224576.023,,,,,
1586937.734,5224542.541,,,,,
1586804.275,5224376.114,,,,,
1586704.309,5224309.648,,,,,
1586570.859,5224292.662,,,,,
1586370.939,5224342.651,,,,,
1586318.553,5224346.95,,,,,
1586171.01,5224359.158,,,,,
1586021.067,5224309.188,,,,,
1585873.327,5224321.385,,,,,
1585829.929,5224324.947,,,,,
1585822.156,5224325.585,,,,,
1585820.941,5224325.684,,,,,
1585817.403,5224323.666,,,,,
1585704.485,5224259.218,,,,,
1585604.224,5224259.228,,,,,
1585287.649,5224459.167,,,,,
1585188.592,5224459.175,,,,,
1585154.404,5224459.177,,,,,
1585158.586,5224452.916,,,,,
1585221.171,5224359.208,,,,,
1584837.781,5223842.423,,,,,
1584404.412,5223309.141,,,,,
1584137.692,5222925.8,,,,,
1583971.044,5222742.877,,,,,
1583704.628,5222559.464,,,,,
1583664.513,5222492.871,,,,,
1583639.148,5222463.302,,,,,
1583554.381,5222392.528,,,,,
1583569.981,5222345.95,,,,,
1583587.859,5222292.569,,,,,
1583637.837,5222242.578,,,,,
1583321.23,5221742.78,,,,,
1582771.389,5220959.599,,,,,
1582521.152,5220409.821,,,,,
1582171.248,5219826.55,,,,,
1581938.113,5219310.255,,,,,
1581621.407,5218943.4,,,,,
1581304.799,5218377.125,,,,,
1581254.805,5218143.713,,,,,
1581154.832,5217943.794,,,,,
1581121.535,5217776.858,,,,,
1581154.824,5217726.878,,,,,
1581028.087,5217510.496,,,,,
1580754.941,5217044.146,,,,,
1580021.647,5215644.192,,,,,
1579971.652,5215444.272,,,,,
1579938.364,5215427.776,,,,,
1579771.707,5214960.96,,,,,
1579721.053,5214733.527,,,,,
1579704.916,5214661.072,,,,,
1579421.795,5213961.345,,,,,
1579304.366,5213550.537,,,,,
1579155.058,5213028.194,,,,,
1578888.627,5212444.923,,,,,
1578871.92,5212145.034,,,,,
1578671.984,5211695.205,,,,,
1578388.557,5210878.521,,,,,
1578387.256,5210874.288,,,,,
1578238.598,5210445.679,,,,,
1578188.801,5210145.791,,,,,
1578072.131,5209762.438,,,,,
1577988.84,5209112.682,,,,,
1577921.095,5208916.207,,,,,
1577822.191,5208629.37,,,,,
1577805.387,5208412.953,,,,,
1577705.414,5208146.048,,,,,
1577589.667,5208063.59,,,,,
1577523.455,5207779.697,,,,,
1577490.041,5207628.697,,,,,
1577397.297,5207194.238,,,,,
1577255.537,5206530.166,,,,,
1577222.34,5206230.278,,,,,
1577005.903,5205463.563,,,,,
1576955.908,5204963.756,,,,,
1576940.16,5204892.899,,,,,
1576855.936,5204513.927,,,,,
1576789.144,5204030.605,,,,,
1576755.946,5203497.314,,,,,
1576672.671,5203214.422,,,,,
1576629.784,5202935.723,,,,,
1576605.987,5202781.08,,,,,
1576580.494,5202365.838,,,,,
1576576.784,5202305.411,,,,,
1576539.493,5201697.991,,,,,
1576499.966,5201550.08,,,,,
1576472.709,5201448.081,,,,,
1576406.223,5200864.8,,,,,
1576423.004,5199948.646,,,,,
1576323.023,5198599.161,,,,,
1576370.017,5198392.883,,,,,
1576406.487,5198232.795,,,,,
1576406.476,5197476.649,,,,,
1576406.471,5197116.223,,,,,
1576473.147,5196816.334,,,,,
1576506.625,5196250.049,,,,,
1576489.927,5196183.083,,,,,
1576439.951,5196100.108,,,,,
1576173.256,5195966.656,,,,,
1576255.795,5195799.859,,,,,
1576256.718,5195800.23,,,,,
1576506.616,5195700.261,,,,,
1576573.392,5195616.799,,,,,
1576623.37,5195516.828,,,,,
1576627.463,5195433.991,,,,,
1576681.801,5194334.214,,,,,
1576690.046,5194167.354,,,,,
1576756.812,5193833.981,,,,,
1576757.018,5193184.233,,,,,
1576806.996,5192484.506,,,,,
1576873.771,5192284.576,,,,,
1576856.974,5192101.654,,,,,
1576823.793,5192018.181,,,,,
1576873.771,5191334.949,,,,,
1576890.469,5190618.726,,,,,
1576957.244,5190185.393,,,,,
1576957.426,5189392.375,,,,,
1576957.449,5189285.747,,,,,
1577003.181,5189038.721,,,,,
1577040.724,5188835.929,,,,,
1577057.54,5188618.581,,,,,
1577074.211,5188403.097,,,,,
1577093.467,5188340.897,,,,,
1577290.838,5187703.369,,,,,
1577340.824,5187103.611,,,,,
1577474.275,5186320.42,,,,,
1577574.544,5186020.542,,,,,
1577707.698,5185320.814,,,,,
1578057.874,5184271.237,,,,,
1578108.059,5183821.419,,,,,
1578408.265,5182605.416,,,,,
1578458.251,5182205.578,,,,,
1578641.688,5181655.8,,,,,
1578774.842,5181389.404,,,,,
1578841.617,5181089.525,,,,,
1579191.703,5180106.435,,,,,
1579275.176,5179656.616,,,,,
1579491.909,5178923.426,,,,,
1579650.938,5178469.532,,,,,
1579725.332,5178257.202,,,,,
1579925.261,5177807.394,,,,,
1579991.937,5177707.434,,,,,
1579997.379,5177298.177,,,,,
1579981.102,5177094.688,,,,,
1579927.042,5176985.38,,,,,
1579839.257,5176869.104,,,,,
1579743.176,5176741.391,,,,,
1579657.181,5176730.962,,,,,
1579505.72,5176865.255,,,,,
1579491.699,5176889.464,,,,,
1579458.538,5176946.718,,,,,
1579462.2,5177002.677,,,,,
1579540.832,5177102.757,,,,,
1579492.47,5177321.022,,,,,
1579493.237,5177426.56,,,,,
1579523.96,5177603.405,,,,,
1579576.784,5177702.655,,,,,
1579573.939,5177805.784,,,,,
1579474.131,5178140.126,,,,,
1579339.991,5178367.68,,,,,
1579287.519,5178456.691,,,,,
1579176.539,5178759.789,,,,,
1579171.632,5179117.397,,,,,
1579141.741,5179206.799,,,,,
1578608.457,5179439.691,,,,,
1578475.303,5179573.134,,,,,
1578462.176,5179631.902,,,,,
1578371.299,5179733.162,,,,,
1578340.764,5179841.509,,,,,
1578236.966,5179947.017,,,,,
1578158.845,5180167.473,,,,,
1578184.464,5180273.851,,,,,
1578305.299,5180358.954,,,,,
1578283.324,5180485.839,,,,,
1578108.429,5180622.7,,,,,
1577858.531,5180655.684,,,,,
1577741.77,5180789.126,,,,,
1577775.05,5181022.529,,,,,
1577608.327,5180939.066,,,,,
1577558.349,5180689.157,,,,,
1577658.314,5180522.73,,,,,
1577841.742,5180372.791,,,,,
1577825.053,5180272.831,,,,,
1577725.097,5180222.851,,,,,
1577658.627,5180072.912,,,,,
1577658.636,5179673.074,,,,,
1577525.201,5179256.238,,,,,
1577508.709,5179122.785,,,,,
1577391.965,5178822.906,,,,,
1577175.363,5178589.994,,,,,
1577142.075,5178506.521,,,,,
1577042.126,5178256.622,,,,,
1576858.697,5178256.622,,,,,
1576258.944,5178106.163,,,,,
1576142.299,5178039.686,,,,,
1576052.436,5177896.535,,,,,
1576078.814,5177602.055,,,,,
1576314.299,5177305.905,,,,,
1576486.282,5177155.745,,,,,
1576530.567,5177161.656,,,,,
1576578.438,5177168.043,,,,,
1576569.541,5177252.066,,,,,
1576615.931,5177297.447,,,,,
1577051.395,5177461.613,,,,,
1578288.008,5177358.795,,,,,
1578525.546,5177507.474,,,,,
1578742.255,5177507.474,,,,,
1578808.725,5177473.992,,,,,
1578908.886,5177357.545,,,,,
1578942.183,5177157.625,,,,,
1579001.735,5177043.558,,,,,
1579142.31,5176774.293,,,,,
1579158.81,5176474.414,,,,,
1579192.304,5176390.952,,,,,
1579264.678,5176309.788,,,,,
1579354.459,5176279.814,,,,,
1579556.086,5176278.245,,,,,
1579661.625,5176320.786,,,,,
1579815.722,5176506.071,,,,,
1579858.824,5176557.897,,,,,
1580172.076,5176438.181,,,,,
1580340.942,5176324.355,,,,,
1580585.102,5176283.403,,,,,
1580699.812,5176095.584,,,,,
1580804.969,5175923.407,,,,,
1581057.952,5175676.896,,,,,
1581248.026,5175572.518,,,,,
1581435.916,5175546.633,,,,,
1581573.252,5175671.543,,,,,
1581742.258,5175825.257,,,,,
1581925.481,5175892.243,,,,,
1581975.467,5175825.767,,,,,
1582075.422,5175758.8,,,,,
1582042.143,5175525.897,,,,,
1582057.814,5175486.721,,,,,
1582108.918,5175358.961,,,,,
1582058.948,5175308.982,,,,,
1582042.15,5175226.019,,,,,
1582125.623,5175176.039,,,,,
1582108.934,5174992.616,,,,,
1582225.588,5174926.15,,,,,
1582175.609,5174842.687,,,,,
1582173.083,5174840.354,,,,,
1582143.821,5174813.344,,,,,
1581998.217,5174678.949,,,,,
1581959.008,5174642.758,,,,,
1581946.945,5174374.272,,,,,
1581942.524,5174275.912,,,,,
1582009.003,5174209.446,,,,,
1582409.025,5174276.432,,,,,
1582608.945,5174359.395,,,,,
1582642.432,5174309.425,,,,,
1582608.945,5174242.949,,,,,
1582608.954,5174059.526,,,,,
1582658.932,5174043.03,,,,,
1582842.352,5174159.996,,,,,
1582992.287,5174176.493,,,,,
1583425.597,5174459.885,,,,,
1583537.27,5174497.187,,,,,
1583675.488,5174543.357,,,,,
1583925.675,5174543.367,,,,,
1583927.04,5174542.512,,,,,
1584058.829,5174459.904,,,,,
1584309.033,5174110.055,,,,,
1584458.967,5174060.086,,,,,
1584542.134,5173993.62,,,,,
1584543.343,5173985.233,,,,,
1584558.93,5173877.163,,,,,
1584475.665,5173777.204,,,,,
1584466.588,5173700.355,,,,,
1584442.194,5173493.821,,,,,
1584360.633,5173412.257,,,,,
1584342.238,5173393.862,,,,,
1584142.326,5173327.385,,,,,
1583609.051,5173260.398,,,,,
1583475.913,5173193.923,,,,,
1583425.935,5173043.983,,,,,
1583009.116,5172960.5,,,,,
1582875.872,5173060.45,,,,,
1582642.473,5173076.936,,,,,
1582425.863,5172993.463,,,,,
1582409.371,5172893.503,,,,,
1582309.119,5172760.061,,,,,
1581892.596,5172760.041,,,,,
1581792.64,5172693.574,,,,,
1581625.917,5172676.568,,,,,
1581381.283,5172786.101,,,,,
1581142.612,5172892.964,,,,,
1580809.257,5172759.501,,,,,
1580709.3,5172643.054,,,,,
1580576.155,5172593.064,,,,,
1580392.735,5172593.055,,,,,
1580126.039,5172725.987,,,,,
1579992.597,5172742.984,,,,,
1579892.641,5172709.491,,,,,
1579526.104,5172392.605,,,,,
1579102.392,5172180.178,,,,,
1579154.671,5172124.599,,,,,
1579154.976,5172040.937,,,,,
1578991.147,5172041.527,,,,,
1578877.111,5172010.162,,,,,
1578705.47,5171962.953,,,,,
1578519.246,5171831.7,,,,,
1578448.381,5171735.029,,,,,
1578450.286,5171563.904,,,,,
1577711.302,5171437.82,,,,,
1577701.003,5171461.915,,,,,
1577398.833,5171413.725,,,,,
1577229.604,5171467.493,,,,,
1577237.099,5171492.879,,,,,
1577444.416,5171446.908,,,,,
1577716.892,5171644.538,,,,,
1577701.39,5171717.913,,,,,
1577599.026,5171889.938,,,,,
1577533.57,5171933.789,,,,,
1577531.344,5171935.268,,,,,
1577447.888,5171884.229,,,,,
1577414.006,5171914.712,,,,,
1577399.204,5171981.589,,,,,
1577363.624,5171994.077,,,,,
1577320.341,5172021.871,,,,,
1577292.347,5172028.059,,,,,
1577257.961,5172032.958,,,,,
1577218.58,5172034.058,,,,,
1577165.204,5172060.443,,,,,
1577123.216,5172071.741,,,,,
1577067.243,5172068.931,,,,,
1576912.304,5172068.232,,,,,
1576720.992,5171897.586,,,,,
1576725.09,5171838.118,,,,,
1576730.819,5171814.698,,,,,
1576734.087,5171801.336,,,,,
1577046.274,5171563.044,,,,,
1577059.072,5171530.16,,,,,
1576778.894,5171364.215,,,,,
1576615.588,5171316.743,,,,,
1576278.809,5171218.844,,,,,
1576155.55,5171274.823,,,,,
1576076.579,5171341.89,,,,,
1575959.834,5171325.392,,,,,
1575893.151,5171408.856,,,,,
1575859.862,5171591.779,,,,,
1575826.376,5171625.262,,,,,
1575776.39,5171625.262,,,,,
1575693.23,5171558.786,,,,,
1575559.788,5171558.275,,,,,
1575443.323,5171758.195,,,,,
1575226.408,5171841.648,,,,,
1575109.96,5171808.155,,,,,
1575026.495,5171708.194,,,,,
1575010.013,5171558.255,,,,,
1574926.548,5171491.769,,,,,
1574793.303,5171474.772,,,,,
1574693.339,5171541.738,,,,,
1574343.278,5171624.691,,,,,
1574176.547,5171641.178,,,,,
1574093.379,5171608.185,,,,,
1574026.613,5171458.246,,,,,
1573826.701,5171308.296,,,,,
1573643.289,5171041.39,,,,,
1573560.129,5171024.894,,,,,
1573126.81,5170824.455,,,,,
1572826.95,5170508.069,,,,,
1572760.183,5170341.632,,,,,
1572693.515,5170291.643,,,,,
1572523.453,5170220.717,,,,,
1572449.059,5170248.042,,,,,
1572395.041,5170303.191,,,,,
1572315.056,5170320.488,,,,,
1572213.55,5170280.595,,,,,
1572083.298,5170278.315,,,,,
1571960.32,5170107.681,,,,,
1571927.039,5170024.718,,,,,
1571960.337,5169841.284,,,,,
1572076.998,5169657.872,,,,,
1572076.999,5169574.899,,,,,
1571960.353,5169491.426,,,,,
1571927.073,5169407.963,,,,,
1571960.369,5169191.547,,,,,
1572043.851,5168958.145,,,,,
1571960.592,5168841.689,,,,,
1571710.495,5168758.205,,,,,
1571627.237,5168641.749,,,,,
1571610.548,5168558.286,,,,,
1571694.02,5168408.347,,,,,
1571694.927,5168392.859,,,,,
1571710.735,5168108.468,,,,,
1571792.204,5168040.601,,,,,
1571910.664,5167942.051,,,,,
1572093.886,5167925.565,,,,,
1572215.083,5167958.018,,,,,
1572276.87,5168035.873,,,,,
1572392.163,5168094.15,,,,,
1572426.425,5168202.849,,,,,
1572543.887,5168275.453,,,,,
1572590.575,5168359.476,,,,,
1572591.795,5168420.954,,,,,
1572648.526,5168500.258,,,,,
1572693.804,5168675.302,,,,,
1572805.569,5168724.902,,,,,
1573083.288,5168994.627,,,,,
1573210.373,5169025.18,,,,,
1573260.352,5168975.211,,,,,
1573227.895,5168747.428,,,,,
1573195.621,5168668.473,,,,,
1573129.572,5168606.217,,,,,
1573156.066,5168515.685,,,,,
1573143.318,5168452.208,,,,,
1573067.927,5168367.264,,,,,
1572933.725,5168330.542,,,,,
1572904.832,5168287.841,,,,,
1572913.836,5168181.013,,,,,
1573003.18,5168018.716,,,,,
1573060.695,5167992.591,,,,,
1572927.252,5167925.615,,,,,
1572810.607,5167725.685,,,,,
1572527.428,5167625.715,,,,,
1572527.444,5167392.303,,,,,
1572660.697,5167242.373,,,,,
1572660.705,5167159.41,,,,,
1572444.004,5166958.982,,,,,
1572427.521,5166809.042,,,,,
1572560.766,5166792.555,,,,,
1572594.252,5166726.079,,,,,
1572560.782,5166559.143,,,,,
1572644.246,5166492.677,,,,,
1572610.983,5166209.294,,,,,
1572577.496,5166126.321,,,,,
1572582.6,5166124.621,,,,,
1572620.639,5166112.094,,,,,
1572670.724,5166215.443,,,,,
1572736.245,5166258.054,,,,,
1572809.485,5166357.713,,,,,
1572877.662,5166376.24,,,,,
1572909.729,5165916.273,,,,,
1573010.849,5165743.009,,,,,
1572860.915,5165643.039,,,,,
1572827.733,5165593.059,,,,,
1572760.966,5165443.11,,,,,
1572762.401,5165267.605,,,,,
1572813.493,5165343.079,,,,,
1572917.077,5165496.099,,,,,
1573161.575,5165666.275,,,,,
1573244.247,5165776.512,,,,,
1573327.514,5165809.995,,,,,
1573361,5165776.512,,,,,
1573361.009,5165676.552,,,,,
1573311.03,5165560.096,,,,,
1573444.184,5165476.644,,,,,
1573444.465,5165295.31,,,,,
1573470.315,5165239.021,,,,,
1573507.586,5165250.24,,,,,
1573534.567,5165308.127,,,,,
1573606.207,5165348.119,,,,,
1573610.923,5165376.693,,,,,
1573739.237,5165419.414,,,,,
1573673.996,5165539.65,,,,,
1573711.556,5165719.943,,,,,
1573657.413,5165773.813,,,,,
1573639.306,5165829.931,,,,,
1573672.957,5165970.683,,,,,
1573747.491,5166065.564,,,,,
1573775.189,5166144.917,,,,,
1573885.395,5166236.408,,,,,
1573909.786,5166319.322,,,,,
1573998.882,5166389.497,,,,,
1574042.206,5166505.993,,,,,
1574097.321,5166845.065,,,,,
1574210.8,5166979.797,,,,,
1574266.518,5167137.695,,,,,
1574259.987,5167282.285,,,,,
1574313.038,5167337.605,,,,,
1574411.612,5167440.393,,,,,
1574417.746,5167658.459,,,,,
1574489.172,5167790.752,,,,,
1574493.897,5167997.8,,,,,
1574450.226,5168070.115,,,,,
1574358.582,5168135.982,,,,,
1574327.182,5168214.756,,,,,
1574396.554,5168388.311,,,,,
1574485.263,5168448.809,,,,,
1574563.698,5168454.337,,,,,
1574638.686,5168409.517,,,,,
1574743.779,5168409.516,,,,,
1574743.779,5168393.029,,,,,
1574743.779,5168376.033,,,,,
1574860.441,5168226.104,,,,,
1574890.613,5168117.436,,,,,
1574880.685,5168103.128,,,,,
1574824.126,5168021.575,,,,,
1574738.46,5168004.208,,,,,
1574665.863,5167931.693,,,,,
1574679.206,5167856.229,,,,,
1574626.663,5167715.797,,,,,
1574727.295,5167618.357,,,,,
1574723.683,5167510.309,,,,,
1574762.406,5167401.022,,,,,
1574741.668,5167339.064,,,,,
1574669.36,5167274.947,,,,,
1574656.389,5167217.639,,,,,
1574705.056,5167079.077,,,,,
1574843.851,5166963.71,,,,,
1574854.496,5166839.186,,,,,
1574907.071,5166762.911,,,,,
1574884.774,5166638.396,,,,,
1574814.512,5166558.452,,,,,
1574852.245,5166464.972,,,,,
1575014.803,5166296.946,,,,,
1575181.328,5166224.661,,,,,
1575234.827,5166231.13,,,,,
1575301.676,5166299.426,,,,,
1575429.355,5166363.853,,,,,
1575484.264,5166354.885,,,,,
1575552.374,5166304.435,,,,,
1575705.335,5166273.671,,,,,
1575793.962,5166360.423,,,,,
1575827.431,5166527.349,,,,,
1575892.049,5166568.058,,,,,
1575892.294,5166568.213,,,,,
1576046.723,5166665.502,,,,,
1576141.004,5166724.9,,,,,
1576196.153,5166724.939,,,,,
1576243.953,5166693.805,,,,,
1576327.212,5166743.795,,,,,
1576356.378,5166845.675,,,,,
1576294.115,5166949.114,,,,,
1576277.217,5166977.188,,,,,
1576277.217,5167060.66,,,,,
1576310.398,5167127.127,,,,,
1576493.819,5167227.097,,,,,
1576577.078,5167327.066,,,,,
1576575.865,5167468.867,,,,,
1576626.792,5167544.704,,,,,
1576663.717,5167599.692,,,,,
1576726.995,5167693.921,,,,,
1576760.464,5167976.804,,,,,
1576810.435,5168093.76,,,,,
1576862.44,5168364.489,,,,,
1576893.577,5168526.583,,,,,
1576710.157,5168610.046,,,,,
1576743.636,5168743.488,,,,,
1576926.85,5168926.421,,,,,
1577160.257,5168760.005,,,,,
1577443.641,5168760.014,,,,,
1577510.111,5168809.995,,,,,
1577510.102,5168909.954,,,,,
1577476.814,5168993.417,,,,,
1577210.21,5169326.77,,,,,
1577193.405,5169543.175,,,,,
1577326.641,5169743.105,,,,,
1577560.04,5169843.074,,,,,
1577726.672,5169793.105,,,,,
1577770.235,5169706.033,,,,,
1577809.947,5169626.679,,,,,
1578576.629,5169560.241,,,,,
1578626.607,5169593.725,,,,,
1578843.208,5169626.728,,,,,
1578849.212,5169634.827,,,,,
1578893.186,5169693.695,,,,,
1578876.687,5169810.151,,,,,
1578760.033,5169943.594,,,,,
1578810.01,5169993.573,,,,,
1579059.901,5170027.066,,,,,
1579243.322,5170093.553,,,,,
1579343.286,5169977.107,,,,,
1579343.294,5169710.211,,,,,
1579293.324,5169577.268,,,,,
1579276.544,5169360.353,,,,,
1579343.319,5169193.927,,,,,
1579410.011,5168794.098,,,,,
1579643.427,5168494.239,,,,,
1579660.223,5168427.762,,,,,
1579693.413,5168410.776,,,,,
1579695.21,5168393.279,,,,,
1579710.21,5168244.34,,,,,
1579760.196,5168194.37,,,,,
1579870.047,5168249.449,,,,,
1579993.289,5168311.326,,,,,
1580209.998,5168361.316,,,,,
1580212.694,5168393.31,,,,,
1580226.68,5168561.235,,,,,
1580359.908,5168811.134,,,,,
1580309.922,5168994.557,,,,,
1580426.567,5169144.496,,,,,
1580459.848,5169260.953,,,,,
1580343.095,5169377.399,,,,,
1580126.484,5169410.873,,,,,
1580010.028,5169477.339,,,,,
1579926.556,5169577.299,,,,,
1579909.759,5169677.258,,,,,
1579976.534,5169743.724,,,,,
1580009.707,5169860.681,,,,,
1580126.451,5169994.133,,,,,
1580459.806,5170210.559,,,,,
1580559.771,5170127.097,,,,,
1580576.46,5170027.136,,,,,
1580626.446,5169960.67,,,,,
1580709.713,5169944.174,,,,,
1580993.081,5170260.559,,,,,
1580926.299,5170377.506,,,,,
1580926.298,5170427.486,,,,,
1581109.719,5170493.962,,,,,
1581276.45,5170427.495,,,,,
1581370.395,5170521.663,,,,,
1581409.587,5170560.948,,,,,
1581709.456,5170710.897,,,,,
1581892.876,5170744.39,,,,,
1581959.651,5170710.908,,,,,
1582144.53,5170514.395,,,,,
1582226.247,5170427.536,,,,,
1582243.045,5170361.069,,,,,
1582209.566,5170161.15,,,,,
1582276.242,5170061.199,,,,,
1582297.227,5170059.6,,,,,
1582492.951,5170044.714,,,,,
1582692.863,5170144.683,,,,,
1582826.298,5170278.126,,,,,
1582865.179,5170411.412,,,,,
1582942.935,5170677.964,,,,,
1583068.911,5170775.817,,,,,
1583092.861,5170794.421,,,,,
1583709.394,5170911.397,,,,,
1584092.72,5171111.326,,,,,
1584144.7,5171125.923,,,,,
1584212.608,5171144.994,,,,,
1584509.242,5171228.293,,,,,
1584792.627,5171061.366,,,,,
1584942.569,5170911.437,,,,,
1584992.555,5170695.031,,,,,
1585092.817,5170578.585,,,,,
1585138.094,5170590.982,,,,,
1585275.931,5170628.574,,,,,
1585425.857,5170778.514,,,,,
1585525.814,5170994.929,,,,,
1585542.594,5171345.278,,,,,
1585425.833,5171561.675,,,,,
1585409.135,5171711.614,,,,,
1585609.04,5171911.533,,,,,
1585892.416,5172061.483,,,,,
1586025.859,5172094.976,,,,,
1586192.491,5172028.509,,,,,
1586292.446,5171895.066,,,,,
1586342.433,5171711.644,,,,,
1586309.26,5171461.754,,,,,
1586192.515,5171211.856,,,,,
1586175.834,5170945.47,,,,,
1586225.82,5170695.581,,,,,
1586109.372,5170528.645,,,,,
1586142.57,5170262.259,,,,,
1586009.449,5169762.471,,,,,
1585892.704,5169596.044,,,,,
1585876.213,5169496.085,,,,,
1585959.479,5169396.125,,,,,
1585976.177,5169246.195,,,,,
1585876.229,5169146.236,,,,,
1585726.311,5168729.411,,,,,
1585609.666,5168512.995,,,,,
1585609.674,5168413.036,,,,,
1585809.586,5168413.046,,,,,
1585726.345,5167879.773,,,,,
1585576.419,5167679.855,,,,,
1585526.449,5167563.408,,,,,
1585493.276,5167280.026,,,,,
1585483.496,5166920.179,,,,,
1585476.504,5166663.292,,,,,
1585376.556,5166463.372,,,,,
1585226.63,5166396.896,,,,,
1585076.696,5166280.439,,,,,
1584843.306,5166196.966,,,,,
1584843.314,5166013.543,,,,,
1584846.81,5165993.558,,,,,
1584893.308,5165730.171,,,,,
1584931.189,5165692.489,,,,,
1584943.583,5165680.191,,,,,
1585093.22,5165680.502,,,,,
1585210.171,5165680.711,,,,,
1585343.408,5165747.188,,,,,
1585460.053,5165730.701,,,,,
1585501.942,5165618.944,,,,,
1585510.039,5165597.258,,,,,
1585576.815,5165563.775,,,,,
1585709.952,5165580.772,,,,,
1585933.285,5166082.952,,,,,
1586110.04,5166480.399,,,,,
1586205.288,5166576.06,,,,,
1586226.48,5166597.355,,,,,
1586659.79,5166680.338,,,,,
1586793.225,5166780.798,,,,,
1586826.406,5166947.224,,,,,
1586820.142,5167053.473,,,,,
1586809.7,5167230.606,,,,,
1586943.134,5167397.032,,,,,
1586976.316,5167496.992,,,,,
1586842.865,5167680.404,,,,,
1586826.365,5167846.83,,,,,
1586692.914,5168030.253,,,,,
1586626.239,5168296.629,,,,,
1586653.821,5168393.59,,,,,
1586659.419,5168413.085,,,,,
1586829.037,5168576.522,,,,,
1586986.763,5168642.299,,,,,
1587067.523,5168764.044,,,,,
1587045.729,5168941.168,,,,,
1587067.91,5169150.675,,,,,
1587141.57,5169316.612,,,,,
1587267.617,5169381.988,,,,,
1587302.793,5169572.699,,,,,
1587649.028,5169774.628,,,,,
1587632.916,5170408.249,,,,,
1587520.352,5170704.319,,,,,
1587696.474,5170814.876,,,,,
1587745.752,5170917.036,,,,,
1587781.432,5171076.063,,,,,
1587754.039,5171202.408,,,,,
1587867.585,5171254.897,,,,,
1587979.629,5171402.437,,,,,
1587896.461,5171650.226,,,,,
1587942.242,5171729.19,,,,,
1588075.676,5171779.17,,,,,
1588175.632,5171879.13,,,,,
1588175.624,5172045.556,,,,,
1588308.869,5172112.032,,,,,
1588558.957,5172112.542,,,,,
1588654.347,5172160.099,,,,,
1588725.383,5172195.515,,,,,
1588758.869,5172129.039,,,,,
1588758.869,5172066.876,,,,,
1588758.87,5172029.09,,,,,
1588625.435,5171895.637,,,,,
1588608.943,5171779.191,,,,,
1588708.907,5171662.744,,,,,
1588742.196,5171479.322,,,,,
1588792.174,5171479.321,,,,,
1588825.661,5171595.777,,,,,
1588875.63,5171645.757,,,,,
1589042.262,5171695.737,,,,,
1589142.218,5171662.754,,,,,
1589258.971,5171579.291,,,,,
1589275.463,5171479.341,,,,,
1589208.994,5171329.401,,,,,
1589209.002,5171129.492,,,,,
1589242.29,5171112.996,,,,,
1589275.678,5171096.509,,,,,
1589458.892,5171279.432,,,,,
1589725.464,5171429.372,,,,,
1589784.847,5171441.302,,,,,
1590225.541,5171529.841,,,,,
1590292.217,5171446.388,,,,,
1590208.76,5171262.965,,,,,
1590192.277,5171013.066,,,,,
1590186.785,5171005.23,,,,,
1590075.631,5170846.64,,,,,
1589992.167,5170813.156,,,,,
1589975.684,5170680.213,,,,,
1589742.293,5170463.298,,,,,
1589725.802,5170329.855,,,,,
1589783.976,5170271.687,,,,,
1589792.271,5170263.389,,,,,
1590058.852,5170346.862,,,,,
1590192.294,5170446.821,,,,,
1590292.25,5170480.305,,,,,
1590359.017,5170413.339,,,,,
1590392.206,5170296.891,,,,,
1590359.025,5170180.446,,,,,
1590342.244,5169847.084,,,,,
1590409.02,5169780.617,,,,,
1590492.476,5169780.617,,,,,
1590675.591,5170063.999,,,,,
1590892.276,5170596.77,,,,,
1591225.325,5170847.17,,,,,
1591342.07,5170880.163,,,,,
1591475.512,5170763.717,,,,,
1591625.455,5170547.321,,,,,
1591642.153,5170347.401,,,,,
1591692.13,5170330.415,,,,,
1591925.521,5170547.321,,,,,
1592075.455,5170580.814,,,,,
1592158.721,5170497.351,,,,,
1592208.906,5170180.996,,,,,
1592189.454,5170152.893,,,,,
1592058.774,5169964.089,,,,,
1592058.778,5169837.893,,,,,
1592058.782,5169747.683,,,,,
1592125.458,5169614.241,,,,,
1592158.952,5169414.332,,,,,
1592108.974,5169281.389,,,,,
1592175.75,5169131.46,,,,,
1592192.249,5168964.533,,,,,
1592214.538,5168960.134,,,,,
1592275.714,5168948.047,,,,,
1592342.381,5169031.51,,,,,
1592375.653,5169347.875,,,,,
1592425.623,5169564.281,,,,,
1592521.533,5169715.345,,,,,
1592540.845,5169745.762,,,,,
1592542.071,5169747.693,,,,,
1592543.705,5169748.584,,,,,
1592549.11,5169751.531,,,,,
1592651.055,5169807.096,,,,,
1592722.085,5169845.811,,,,,
1592725.483,5169847.663,,,,,
1592742.172,5169831.166,,,,,
1592792.159,5169697.723,,,,,
1592708.703,5169564.781,,,,,
1592525.587,5169364.371,,,,,
1592492.307,5169097.986,,,,,
1592458.829,5168998.026,,,,,
1592509.112,5168864.593,,,,,
1592308.846,5168481.786,,,,,
1592125.804,5168131.902,,,,,
1592075.834,5167881.513,,,,,
1591892.422,5167731.575,,,,,
1591875.938,5167565.148,,,,,
1591726.013,5167331.746,,,,,
1591676.043,5167148.833,,,,,
1591709.224,5167098.853,,,,,
1591809.18,5167048.873,,,,,
1591776.007,5166915.44,,,,,
1591792.705,5166732.018,,,,,
1591875.972,5166615.571,,,,,
1591875.98,5166382.179,,,,,
1591726.054,5166165.773,,,,,
1591726.062,5165848.907,,,,,
1591609.623,5165698.978,,,,,
1591559.653,5165549.038,,,,,
1591359.46,5165199.19,,,,,
1591176.345,5165032.753,,,,,
1591143.065,5164932.804,,,,,
1590876.493,5164765.867,,,,,
1590743.059,5164549.452,,,,,
1590743.066,5164499.482,,,,,
1590809.735,5164366.039,,,,,
1590776.561,5164266.08,,,,,
1590893.207,5164133.147,,,,,
1591043.141,5164133.157,,,,,
1591226.355,5164199.633,,,,,
1591259.85,5164099.683,,,,,
1591276.557,5163766.331,,,,,
1591326.534,5163583.418,,,,,
1591276.581,5163150.107,,,,,
1591293.386,5162900.217,,,,,
1591376.546,5162833.751,,,,,
1591550.368,5162833.761,,,,,
1591576.457,5162833.761,,,,,
1591759.87,5162917.234,,,,,
1591783.621,5162954.515,,,,,
1591993.252,5163283.579,,,,,
1591993.03,5163666.902,,,,,
1592026.516,5163749.875,,,,,
1591993.03,5163816.841,,,,,
1592009.711,5163999.754,,,,,
1592309.547,5164600.001,,,,,
1592326.334,5164832.894,,,,,
1592392.797,5164966.337,,,,,
1592409.486,5165116.267,,,,,
1592559.412,5165333.172,,,,,
1592626.17,5165533.092,,,,,
1592776.096,5165765.984,,,,,
1592842.755,5165982.89,,,,,
1593042.659,5166199.306,,,,,
1592975.984,5166349.235,,,,,
1592992.467,5166699.074,,,,,
1593092.407,5167048.923,,,,,
1593109.097,5167215.849,,,,,
1593275.811,5167415.769,,,,,
1593375.759,5167665.658,,,,,
1593392.448,5167799.091,,,,,
1593608.835,5168198.919,,,,,
1593773.34,5168317.528,,,,,
1593908.993,5168415.335,,,,,
1593942.174,5168532.282,,,,,
1593925.476,5168698.708,,,,,
1593858.701,5168898.616,,,,,
1593925.468,5169032.06,,,,,
1594075.402,5169098.536,,,,,
1594142.07,5169181.999,,,,,
1594213.513,5169360.491,,,,,
1594275.298,5169514.851,,,,,
1594458.71,5169748.253,,,,,
1594491.892,5169881.697,,,,,
1594499.613,5169885.002,,,,,
1594608.636,5169931.677,,,,,
1594675.312,5169898.193,,,,,
1594710.437,5169851.477,,,,,
1594775.268,5169765.25,,,,,
1594725.298,5169581.838,,,,,
1594858.733,5169515.371,,,,,
1594858.741,5169381.928,,,,,
1594925.211,5169231.999,,,,,
1595075.45,5169115.552,,,,,
1595225.384,5169099.066,,,,,
1595292.052,5169032.099,,,,,
1595342.038,5168882.17,,,,,
1595365.522,5168876.371,,,,,
1595408.805,5168865.673,,,,,
1595458.783,5168915.653,,,,,
1595508.752,5169165.542,,,,,
1595638.433,5169198.156,,,,,
1595641.89,5169199.026,,,,,
1595791.824,5169065.592,,,,,
1595791.832,5168949.146,,,,,
1595696.373,5168683.755,,,,,
1595641.906,5168532.332,,,,,
1595628.218,5168393.889,,,,,
1595625.423,5168365.905,,,,,
1595725.379,5168232.472,,,,,
1595763.665,5168224.874,,,,,
1595808.637,5168215.976,,,,,
1595958.769,5168382.911,,,,,
1595984.356,5168393.9,,,,,
1596075.217,5168432.891,,,,,
1596241.932,5168549.338,,,,,
1596308.608,5168299.458,,,,,
1596408.564,5168265.975,,,,,
1596523.511,5168393.919,,,,,
1596558.49,5168432.902,,,,,
1596558.489,5168466.384,,,,,
1596708.721,5168666.294,,,,,
1596820.476,5168708.255,,,,,
1596841.858,5168716.284,,,,,
1596875.139,5168682.79,,,,,
1596891.836,5168616.324,,,,,
1596825.168,5168516.375,,,,,
1596808.677,5168416.414,,,,,
1596838.561,5168377.321,,,,,
1597025.287,5168133.053,,,,,
1597042.084,5167966.626,,,,,
1596741.943,5167266.939,,,,,
1596775.43,5167166.979,,,,,
1596875.385,5167166.989,,,,,
1597075.282,5167349.912,,,,,
1597142.048,5167466.858,,,,,
1597391.93,5167650.281,,,,,
1597458.598,5167833.194,,,,,
1597608.524,5168050.099,,,,,
1597618.103,5168154.473,,,,,
1597625.312,5168233.023,,,,,
1597708.472,5168383.451,,,,,
1597734.957,5168393.949,,,,,
1597770.498,5168408.025,,,,,
1597791.73,5168416.434,,,,,
1598091.788,5168699.817,,,,,
1598100.252,5168702.911,,,,,
1598275.002,5168766.794,,,,,
1598346.751,5168742.908,,,,,
1598425.134,5168716.813,,,,,
1598541.582,5168599.877,,,,,
1598616.783,5168341.466,,,,,
1598691.821,5168083.613,,,,,
1598774.989,5167983.663,,,,,
1598858.454,5167967.166,,,,,
1598901.895,5167988.841,,,,,
1598991.69,5168033.643,,,,,
1599075.146,5167967.176,,,,,
1599275.058,5167933.692,,,,,
1599625.103,5167800.77,,,,,
1599663.888,5167764.119,,,,,
1599819.877,5167616.712,,,,,
1599924.963,5167517.407,,,,,
1599908.48,5167301.002,,,,,
1599904.785,5167284.031,,,,,
1599825.023,5166917.68,,,,,
1599708.584,5166734.757,,,,,
1599641.924,5166517.861,,,,,
1599258.608,5166168.012,,,,,
1599158.66,5166051.067,,,,,
1599125.38,5165951.106,,,,,
1599208.638,5165868.154,,,,,
1599408.748,5165884.65,,,,,
1599708.6,5166018.092,,,,,
1600175.175,5166301.476,,,,,
1600408.565,5166534.868,,,,,
1600457.438,5166650.614,,,,,
1600591.681,5166501.395,,,,,
1600525.219,5166185.039,,,,,
1600441.763,5166035.1,,,,,
1600241.859,5165818.203,,,,,
1600225.169,5165685.26,,,,,
1600125.222,5165501.847,,,,,
1600091.941,5165301.939,,,,,
1600025.282,5165135.513,,,,,
1599991.994,5165118.516,,,,,
1599975.304,5165035.553,,,,,
1599825.378,5164952.09,,,,,
1599675.452,5164768.677,,,,,
1599625.473,5164668.717,,,,,
1599408.781,5164485.295,,,,,
1599408.789,5164302.382,,,,,
1599575.512,5164185.446,,,,,
1600142.249,5164285.915,,,,,
1600308.666,5164418.858,,,,,
1600375.326,5164568.788,,,,,
1600492.071,5164685.734,,,,,
1600708.656,5165035.572,,,,,
1600775.126,5165285.462,,,,,
1601008.508,5165551.848,,,,,
1601258.382,5165902.187,,,,,
1601341.64,5166102.095,,,,,
1601425.097,5166235.039,,,,,
1601691.659,5166585.377,,,,,
1601891.564,5166751.803,,,,,
1601941.542,5166768.3,,,,,
1602058.287,5166685.337,,,,,
1602108.265,5166501.924,,,,,
1602174.94,5166435.458,,,,,
1602258.199,5166401.975,,,,,
1602458.309,5166385.488,,,,,
1602841.419,5166735.327,,,,,
1603107.991,5166852.283,,,,,
1603341.381,5166868.78,,,,,
1603624.749,5166785.826,,,,,
1603891.42,5166785.827,,,,,
1603891.535,5166785.634,,,,,
1603941.398,5166702.364,,,,,
1603908.118,5166652.394,,,,,
1603908.118,5166552.434,,,,,
1603869.403,5166503.966,,,,,
1603841.45,5166468.971,,,,,
1603358.186,5166369.011,,,,,
1603258.23,5166285.548,,,,,
1603291.419,5166169.102,,,,,
1603191.463,5166119.132,,,,,
1603241.441,5166019.173,,,,,
1603241.449,5165919.223,,,,,
1603024.847,5165885.73,,,,,
1602924.9,5165819.263,,,,,
1602908.408,5165719.314,,,,,
1602910.206,5165713.915,,,,,
1602924.9,5165669.334,,,,,
1603041.546,5165585.87,,,,,
1603058.342,5165485.921,,,,,
1603158.299,5165435.951,,,,,
1603191.48,5165385.971,,,,,
1603108.321,5165319.505,,,,,
1603108.321,5165203.059,,,,,
1603308.233,5165203.059,,,,,
1603424.87,5165253.039,,,,,
1603641.563,5165436.461,,,,,
1603991.599,5165386.491,,,,,
1604058.069,5165336.512,,,,,
1604008.099,5165236.562,,,,,
1604091.555,5165219.576,,,,,
1604141.533,5165169.595,,,,,
1604141.533,5165103.129,,,,,
1604184.656,5165060.009,,,,,
1604241.489,5165003.179,,,,,
1604341.445,5164986.683,,,,,
1604474.88,5164920.227,,,,,
1604474.88,5164853.25,,,,,
1604391.423,5164820.267,,,,,
1604374.932,5164753.301,,,,,
1604408.211,5164720.317,,,,,
1604408.22,5164653.35,,,,,
1604274.984,5164486.925,,,,,
1604241.505,5164386.975,,,,,
1604324.962,5164336.995,,,,,
1604474.896,5164320.508,,,,,
1604608.33,5164386.974,,,,,
1604708.278,5164486.935,,,,,
1604791.537,5164520.418,,,,,
1605091.396,5164520.428,,,,,
1605374.757,5164354.011,,,,,
1605624.845,5164254.061,,,,,
1605690.262,5164254.064,,,,,
1605891.516,5164254.072,,,,,
1605924.697,5164187.605,,,,,
1605924.697,5164170.609,,,,,
1605924.698,5164162.498,,,,,
1605924.705,5164054.163,,,,,
1605841.546,5163954.213,,,,,
1605691.62,5163854.253,,,,,
1605508.208,5163870.74,,,,,
1605308.303,5163920.72,,,,,
1605191.559,5163854.244,,,,,
1605208.356,5163787.277,,,,,
1605274.817,5163754.294,,,,,
1605275.031,5163404.465,,,,,
1605241.545,5163221.052,,,,,
1605308.32,5163087.619,,,,,
1605291.531,5162921.193,,,,,
1605424.965,5162937.69,,,,,
1605458.254,5162887.72,,,,,
1605258.35,5162687.81,,,,,
1604875.042,5162437.922,,,,,
1604525.212,5162354.448,,,,,
1604525.212,5162320.966,,,,,
1604458.446,5162270.986,,,,,
1604265.516,5162044.121,,,,,
1604175.391,5161938.143,,,,,
1604175.391,5161888.163,,,,,
1604141.913,5161871.167,,,,,
1604125.421,5161721.238,,,,,
1604158.461,5161680.002,,,,,
1604191.89,5161638.284,,,,,
1604258.558,5161654.781,,,,,
1604308.536,5161704.751,,,,,
1604425.28,5161738.244,,,,,
1604558.707,5161871.177,,,,,
1604625.176,5161988.124,,,,,
1604625.176,5162038.103,,,,,
1604658.655,5162071.587,,,,,
1604675.147,5162188.032,,,,,
1604725.125,5162204.529,,,,,
1605041.971,5161921.667,,,,,
1605225.086,5161821.727,,,,,
1605474.969,5161821.727,,,,,
1605725.148,5161905.19,,,,,
1605758.329,5161871.717,,,,,
1605775.125,5161755.27,,,,,
1605841.793,5161688.304,,,,,
1606041.697,5161805.25,,,,,
1606124.956,5161755.281,,,,,
1606158.442,5161571.868,,,,,
1606258.398,5161538.884,,,,,
1606341.549,5161621.848,,,,,
1606358.337,5161771.777,,,,,
1606458.286,5161971.677,,,,,
1606624.901,5162122.116,,,,,
1606841.585,5162521.925,,,,,
1606858.068,5162988.199,,,,,
1607041.481,5163271.562,,,,,
1607108.149,5163155.126,,,,,
1607074.67,5162971.713,,,,,
1607191.415,5162855.266,,,,,
1607258.083,5162638.371,,,,,
1607258.083,5162555.417,,,,,
1607308.061,5162505.438,,,,,
1607463.016,5162520.77,,,,,
1607474.784,5162521.934,,,,,
1607591.43,5162372.015,,,,,
1607741.355,5162372.015,,,,,
1607741.355,5162239.082,,,,,
1607824.82,5162189.102,,,,,
1607924.768,5162172.116,,,,,
1607972.708,5162129.293,,,,,
1608233.841,5161896.03,,,,,
1608241.416,5161889.264,,,,,
1608341.373,5161705.851,,,,,
1608158.167,5161389.505,,,,,
1608158.174,5161322.538,,,,,
1608208.145,5161272.559,,,,,
1608641.43,5161422.998,,,,,
1608643.252,5161421.166,,,,,
1608674.719,5161389.515,,,,,
1608665.262,5161208.109,,,,,
1608658.227,5161073.17,,,,,
1608558.28,5160939.726,,,,,
1608558.287,5160789.807,,,,,
1608601.26,5160718.043,,,,,
1608608.266,5160706.344,,,,,
1608608.266,5160589.908,,,,,
1608574.78,5160506.445,,,,,
1608701.344,5160474.924,,,,,
1608841.656,5160439.978,,,,,
1608852.93,5160371.65,,,,,
1608858.147,5160340.029,,,,,
1608891.634,5160290.058,,,,,
1608889.406,5160287.511,,,,,
1608774.889,5160156.616,,,,,
1608763.348,5160052.939,,,,,
1608758.2,5160006.697,,,,,
1608708.23,5159940.23,,,,,
1608508.326,5159840.271,,,,,
1608358.408,5159723.324,,,,,
1608224.974,5159456.948,,,,,
1608008.587,5159273.536,,,,,
1607975.108,5159140.103,,,,,
1608025.086,5159090.123,,,,,
1608175.211,5159057.15,,,,,
1608308.447,5159057.15,,,,,
1608441.881,5159123.616,,,,,
1608624.98,5159273.556,,,,,
1608724.936,5159324.025,,,,,
1608758.414,5159290.543,,,,,
1608891.651,5159340.522,,,,,
1608941.628,5159290.552,,,,,
1608991.607,5159174.106,,,,,
1609109.82,5159055.734,,,,,
1609208.2,5158957.22,,,,,
1609408.409,5158840.783,,,,,
1609484.437,5158764.945,,,,,
1609491.568,5158757.831,,,,,
1609491.568,5158524.438,,,,,
1609541.547,5158440.985,,,,,
1609475.085,5158324.539,,,,,
1609508.374,5158191.106,,,,,
1609358.448,5158174.61,,,,,
1609241.703,5158241.076,,,,,
1608941.851,5158157.613,,,,,
1608908.365,5158191.096,,,,,
1608825.214,5158191.096,,,,,
1608808.417,5158124.119,,,,,
1608658.499,5158041.156,,,,,
1608558.543,5158024.17,,,,,
1608458.595,5158124.11,,,,,
1608425.109,5158124.11,,,,,
1608294.321,5158051.518,,,,,
1608125.266,5157957.683,,,,,
1608094.504,5157947.428,,,,,
1607975.339,5157907.704,,,,,
1607941.853,5157857.734,,,,,
1607815.81,5157812.599,,,,,
1607708.776,5157774.271,,,,,
1607691.987,5157707.795,,,,,
1607741.957,5157640.828,,,,,
1607675.298,5157474.412,,,,,
1607725.474,5157440.929,,,,,
1607741.974,5157291.009,,,,,
1607657.808,5157232.191,,,,,
1607575.359,5157174.563,,,,,
1607575.564,5156974.653,,,,,
1607908.91,5156574.865,,,,,
1607908.911,5156541.382,,,,,
1608058.837,5156491.412,,,,,
1608192.065,5156591.362,,,,,
1608208.755,5156758.288,,,,,
1608425.439,5157058.136,,,,,
1608775.26,5157108.126,,,,,
1608991.854,5157175.103,,,,,
1609808.44,5157325.053,,,,,
1610025.133,5157458.485,,,,,
1610141.77,5157375.033,,,,,
1610091.8,5157275.083,,,,,
1610089.228,5157241.71,,,,,
1610075.119,5157058.686,,,,,
1610108.605,5156925.253,,,,,
1610137.412,5156885.57,,,,,
1610241.743,5156741.851,,,,,
1610308.509,5156592.431,,,,,
1610475.133,5156392.532,,,,,
1610541.9,5156225.616,,,,,
1610292.034,5155925.757,,,,,
1610266.051,5155835.405,,,,,
1610258.556,5155809.321,,,,,
1610342.012,5155709.371,,,,,
1610391.998,5155409.522,,,,,
1610440.129,5155305.33,,,,,
1610491.954,5155193.137,,,,,
1610491.963,5154959.754,,,,,
1610481.535,5154890.197,,,,,
1610441.993,5154626.422,,,,,
1610542.147,5154492.988,,,,,
1610545.898,5154451.408,,,,,
1610558.647,5154310.086,,,,,
1610458.699,5154143.16,,,,,
1610437.79,5154080.43,,,,,
1610408.729,5153993.24,,,,,
1610325.578,5153893.281,,,,,
1610294.507,5153876.348,,,,,
1610142.174,5153793.331,,,,,
1610175.661,5153710.368,,,,,
1610192.16,5153476.996,,,,,
1610183.612,5153442.673,,,,,
1610125.699,5153210.12,,,,,
1610309.111,5153027.227,,,,,
1610359.089,5152910.78,,,,,
1610242.353,5152860.801,,,,,
1609875.842,5152843.804,,,,,
1609542.504,5152993.714,,,,,
1609494.839,5153001.234,,,,,
1609225.863,5153043.674,,,,,
1609162.522,5153094.207,,,,,
1609059.239,5153176.607,,,,,
1608859.046,5153093.144,,,,,
1608659.151,5152893.234,,,,,
1608526.03,5152676.839,,,,,
1608613.865,5152325.763,,,,,
1608642.683,5152210.574,,,,,
1608759.048,5152053.176,,,,,
1608926.052,5151827.281,,,,,
1609042.805,5151610.896,,,,,
1608909.387,5151227.584,,,,,
1609021.251,5150700.36,,,,,
1609026.049,5150677.866,,,,,
1609142.794,5150627.895,,,,,
1609146.521,5150622.332,,,,,
1609176.272,5150577.926,,,,,
1609126.302,5150511.459,,,,,
1609159.492,5150378.026,,,,,
1609156.237,5150373.955,,,,,
1609078.876,5150277.211,,,,,
1608892.937,5150044.684,,,,,
1608862.635,5149984.074,,,,,
1608842.967,5149944.735,,,,,
1608825.358,5149933.542,,,,,
1608659.77,5149828.288,,,,,
1608426.387,5149794.795,,,,,
1608261.853,5149728.973,,,,,
1608176.521,5149694.835,,,,,
1608076.574,5149577.89,,,,,
1607943.148,5149544.896,,,,,
1607861.046,5149503.769,,,,,
1607776.532,5149461.433,,,,,
1607776.549,5149211.564,,,,,
1607826.527,5149078.131,,,,,
1607993.151,5148911.725,,,,,
1608459.915,5148711.845,,,,,
1608593.159,5148578.923,,,,,
1608609.849,5148495.459,,,,,
1608595.963,5148467.645,,,,,
1608576.667,5148428.994,,,,,
1608493.211,5148395.51,,,,,
1608426.758,5148262.077,,,,,
1608423.522,5148259.167,,,,,
1608364.681,5148206.25,,,,,
1608260.044,5148112.147,,,,,
1608276.84,5147995.701,,,,,
1608243.371,5147845.782,,,,,
1608126.626,5147828.785,,,,,
1608091.17,5147864.238,,,,,
1607976.7,5147978.695,,,,,
1607910.033,5147912.228,,,,,
1607643.37,5147928.705,,,,,
1607643.378,5147762.289,,,,,
1607776.821,5147612.38,,,,,
1607893.566,5147428.977,,,,,
1608010.219,5147146.125,,,,,
1608112.187,5147044.174,,,,,
1608160.153,5146996.215,,,,,
1608160.153,5146862.782,,,,,
1608193.648,5146746.335,,,,,
1608110.192,5146729.349,,,,,
1608075.363,5146742.767,,,,,
1607893.598,5146812.792,,,,,
1607760.371,5146712.832,,,,,
1607643.733,5146695.836,,,,,
1607460.32,5146779.289,,,,,
1607343.576,5146795.775,,,,,
1607210.446,5146745.785,,,,,
1607177.166,5146679.319,,,,,
1607215.398,5146612.069,,,,,
1607243.645,5146562.383,,,,,
1607260.441,5146445.946,,,,,
1607184.526,5146395.454,,,,,
1607160.493,5146379.47,,,,,
1607077.235,5146362.484,,,,,
1606993.779,5146445.937,,,,,
1606977.072,5146645.826,,,,,
1606930.393,5146739.077,,,,,
1606927.095,5146745.775,,,,,
1606926.454,5146745.454,,,,,
1606860.328,5146712.292,,,,,
1606777.185,5146462.413,,,,,
1606727.216,5146395.947,,,,,
1606593.987,5146378.941,,,,,
1606593.987,5146278.99,,,,,
1606727.224,5146262.514,,,,,
1606727.225,5146213.182,,,,,
1606727.232,5146029.131,,,,,
1606827.188,5145896.209,,,,,
1606843.886,5145746.279,,,,,
1606815.101,5145580.223,,,,,
1606777.441,5145362.977,,,,,
1606644.031,5145079.615,,,,,
1606344.196,5144779.746,,,,,
1606327.514,5144613.33,,,,,
1606261.053,5144546.364,,,,,
1606127.619,5144679.786,,,,,
1605944.207,5144696.273,,,,,
1605794.272,5144879.665,,,,,
1605711.006,5145096.051,,,,,
1605444.121,5145412.378,,,,,
1605410.931,5145545.8,,,,,
1605327.467,5145695.72,,,,,
1605227.519,5145745.689,,,,,
1605110.766,5145929.092,,,,,
1605027.607,5146012.046,,,,,
1604894.173,5146012.035,,,,,
1604677.472,5146228.411,,,,,
1604644.29,5146228.411,,,,,
1604560.834,5146161.944,,,,,
1604561.04,5145995.529,,,,,
1604694.285,5145845.609,,,,,
1604827.727,5145595.74,,,,,
1605010.843,5145412.347,,,,,
1605044.329,5145345.881,,,,,
1604977.678,5145212.448,,,,,
1604960.889,5145096.011,,,,,
1605077.634,5144979.576,,,,,
1605094.341,5144829.655,,,,,
1605061.883,5144786.158,,,,,
1605044.362,5144762.679,,,,,
1604864.415,5144762.671,,,,,
1604827.777,5144762.669,,,,,
1604711.024,5144912.589,,,,,
1604594.387,5144929.065,,,,,
1604477.633,5145078.985,,,,,
1604377.686,5145078.985,,,,,
1604377.694,5144912.569,,,,,
1604444.468,5144779.136,,,,,
1604691.137,5144565.72,,,,,
1604694.557,5144562.76,,,,,
1604694.565,5144429.874,,,,,
1604694.565,5144429.327,,,,,
1604594.618,5144379.348,,,,,
1604511.17,5144179.448,,,,,
1604411.222,5144162.952,,,,,
1604393.321,5144191.978,,,,,
1604277.779,5144379.327,,,,,
1604227.81,5144362.84,,,,,
1604211.326,5144212.911,,,,,
1604127.869,5144112.961,,,,,
1604027.922,5144095.955,,,,,
1603744.561,5144245.865,,,,,
1603544.657,5144279.338,,,,,
1603294.891,5144278.918,,,,,
1603261.305,5144278.818,,,,,
1603261.313,5144178.868,,,,,
1603394.757,5144012.462,,,,,
1603687.856,5143817.532,,,,,
1603744.892,5143779.6,,,,,
1603711.413,5143646.166,,,,,
1603545.012,5143429.77,,,,,
1603511.534,5143329.821,,,,,
1603400.439,5143206.115,,,,,
1603361.624,5143162.895,,,,,
1603228.405,5142962.986,,,,,
1603178.443,5142796.57,,,,,
1603045.017,5142629.643,,,,,
1603028.534,5142529.694,,,,,
1603061.822,5142496.71,,,,,
1603095.012,5142379.774,,,,,
1602911.905,5142346.281,,,,,
1602811.957,5142379.755,,,,,
1602545.294,5142396.231,,,,,
1602445.149,5142346.242,,,,,
1602278.739,5142179.815,,,,,
1602178.494,5142146.332,,,,,
1601995.379,5142279.745,,,,,
1601861.944,5142262.748,,,,,
1601795.492,5142096.332,,,,,
1601728.733,5142012.869,,,,,
1601445.373,5142012.849,,,,,
1601262.257,5142129.276,,,,,
1601045.359,5142329.154,,,,,
1600778.68,5142445.581,,,,,
1600728.702,5142495.551,,,,,
1600712.202,5142712.437,,,,,
1600478.811,5142795.38,,,,,
1600412.144,5142845.35,,,,,
1600262.217,5142795.36,,,,,
1600312.221,5142462.038,,,,,
1600378.897,5142329.105,,,,,
1600678.756,5142112.739,,,,,
1601112.373,5141679.487,,,,,
1601278.79,5141646.514,,,,,
1601295.946,5141629.427,,,,,
1601328.966,5141596.544,,,,,
1601345.466,5141513.091,,,,,
1601279.005,5141379.658,,,,,
1601240.503,5141355.603,,,,,
1600879.024,5141129.749,,,,,
1600695.817,5141129.739,,,,,
1600529.202,5141162.712,,,,,
1600262.548,5141046.246,,,,,
1600095.948,5140812.853,,,,,
1599946.023,5140812.843,,,,,
1599729.347,5140662.904,,,,,
1599662.679,5140646.408,,,,,
1599612.701,5140696.377,,,,,
1599595.904,5140796.327,,,,,
1599629.184,5140846.296,,,,,
1599662.638,5141246.095,,,,,
1599612.643,5141429.008,,,,,
1599529.146,5142012.199,,,,,
1599512.333,5142345.531,,,,,
1599479.135,5142461.968,,,,,
1599412.368,5142478.455,,,,,
1599395.687,5142345.521,,,,,
1599229.005,5141928.726,,,,,
1599195.832,5141728.816,,,,,
1599112.59,5141512.421,,,,,
1599095.934,5141029.169,,,,,
1599062.67,5140862.744,,,,,
1598946.032,5140762.784,,,,,
1598846.085,5140745.787,,,,,
1598712.84,5140862.223,,,,,
1598612.694,5140845.716,,,,,
1598596.219,5140612.334,,,,,
1598646.206,5140445.928,,,,,
1598596.235,5140429.431,,,,,
1598479.483,5140579.341,,,,,
1598429.48,5140895.676,,,,,
1598412.79,5140895.676,,,,,
1598362.812,5140895.677,,,,,
1598346.049,5140545.848,,,,,
1598312.876,5140429.402,,,,,
1598246.117,5140395.918,,,,,
1597979.521,5140712.234,,,,,
1597829.595,5140762.194,,,,,
1597562.925,5140778.67,,,,,
1597462.976,5140745.177,,,,,
1597446.287,5140762.164,,,,,
1597462.96,5140995.046,,,,,
1597496.24,5141078.509,,,,,
1597496.216,5141394.855,,,,,
1597462.696,5141778.157,,,,,
1597379.413,5142111.489,,,,,
1597262.759,5142294.382,,,,,
1597046.066,5142311.358,,,,,
1596795.979,5142511.237,,,,,
1596712.703,5142660.657,,,,,
1596562.769,5142794.08,,,,,
1596512.791,5142810.567,,,,,
1596396.154,5142744.091,,,,,
1596329.387,5142744.09,,,,,
1596262.711,5142910.496,,,,,
1596212.733,5142960.466,,,,,
1595946.071,5142844.01,,,,,
1595846.123,5142843.999,,,,,
1595779.447,5142926.953,,,,,
1595746.142,5143160.335,,,,,
1595662.677,5143293.758,,,,,
1595462.774,5143326.731,,,,,
1595379.301,5143460.154,,,,,
1595346.095,5143809.983,,,,,
1595412.746,5144009.893,,,,,
1595396.04,5144126.329,,,,,
1595329.273,5144193.295,,,,,
1595162.65,5144192.775,,,,,
1595079.383,5144276.228,,,,,
1595079.168,5144526.108,,,,,
1595195.798,5144676.047,,,,,
1595145.812,5144842.463,,,,,
1595162.583,5145075.846,,,,,
1595262.523,5145275.755,,,,,
1595229.037,5145359.218,,,,,
1595145.77,5145459.157,,,,,
1595162.245,5145609.087,,,,,
1595295.655,5146042.388,,,,,
1595545.513,5146292.278,,,,,
1595545.496,5146492.187,,,,,
1595545.496,5146542.157,,,,,
1595412.045,5146742.056,,,,,
1595378.856,5146842.007,,,,,
1595412.004,5147374.747,,,,,
1595461.965,5147575.147,,,,,
1595445.251,5147941.472,,,,,
1595561.872,5148274.815,,,,,
1595795.048,5148441.25,,,,,
1595803.075,5148529.504,,,,,
1595811.73,5148624.664,,,,,
1596000.579,5148707.144,,,,,
1596078.392,5148741.129,,,,,
1596411.714,5148991.028,,,,,
1596611.61,5149058.005,,,,,
1596794.708,5149357.874,,,,,
1596883.962,5149389.168,,,,,
1597128.038,5149474.84,,,,,
1597178,5149607.773,,,,,
1597211.272,5149857.662,,,,,
1597229.058,5149905.133,,,,,
1597261.242,5149991.095,,,,,
1597427.841,5150257.481,,,,,
1597427.841,5150282.766,,,,,
1597427.841,5150290.964,,,,,
1597244.725,5150424.387,,,,,
1597061.305,5150524.327,,,,,
1596744.664,5150457.34,,,,,
1596694.695,5150340.894,,,,,
1596611.238,5150257.431,,,,,
1596478.101,5150273.908,,,,,
1596261.4,5150357.36,,,,,
1595928.062,5150357.33,,,,,
1595811.416,5150423.797,,,,,
1595794.611,5150623.696,,,,,
1595711.444,5150790.112,,,,,
1595461.545,5151023.485,,,,,
1595494.718,5151189.911,,,,,
1595627.946,5151423.304,,,,,
1595611.149,5151523.253,,,,,
1595344.57,5151639.679,,,,,
1595361.251,5151773.122,,,,,
1595511.168,5151956.545,,,,,
1595611.117,5152023.011,,,,,
1595761.042,5152073.001,,,,,
1596244.315,5151973.082,,,,,
1597094.404,5151973.631,,,,,
1597227.631,5152106.575,,,,,
1597277.602,5152240.007,,,,,
1597294.282,5152389.937,,,,,
1597194.327,5152589.836,,,,,
1597094.165,5152656.302,,,,,
1596811.002,5152723.248,,,,,
1596660.862,5152889.665,,,,,
1596477.647,5152972.608,,,,,
1596244.241,5153239.474,,,,,
1596010.858,5153122.517,,,,,
1595877.721,5153138.995,,,,,
1595877.721,5153205.96,,,,,
1596177.573,5153355.91,,,,,
1596327.491,5153539.332,,,,,
1596727.488,5153689.282,,,,,
1596827.436,5153789.242,,,,,
1596977.346,5154122.595,,,,,
1597010.626,5154255.527,,,,,
1596860.683,5154422.444,,,,,
1596760.727,5154488.899,,,,,
1596560.823,5154505.387,,,,,
1596394.109,5154472.393,,,,,
1596144.029,5154471.873,,,,,
1596010.792,5154338.931,,,,,
1595810.888,5154421.883,,,,,
1595510.838,5154321.913,,,,,
1595410.882,5154338.4,,,,,
1595344.108,5154421.854,,,,,
1595327.401,5154738.209,,,,,
1595294.113,5154788.178,,,,,
1595294.105,5154988.088,,,,,
1595394.045,5155138.017,,,,,
1595347.13,5155325.367,,,,,
1595310.572,5155471.36,,,,,
1595289.982,5155502.343,,,,,
1595277.382,5155521.33,,,,,
1594977.217,5155654.253,,,,,
1594810.594,5155787.685,,,,,
1594560.711,5155787.665,,,,,
1594127.417,5155637.715,,,,,
1594127.45,5155483.287,,,,,
1594195.965,5155237.677,,,,,
1594184.693,5155105.675,,,,,
1594127.681,5154438.28,,,,,
1594086.691,5154321.974,,,,,
1594095.205,5154202.684,,,,,
1594119.192,5153975.503,,,,,
1594127.714,5153955.008,,,,,
1594144.502,5153921.525,,,,,
1594144.527,5153505.22,,,,,
1594227.695,5153405.27,,,,,
1594261.181,5153321.818,,,,,
1594228.016,5153005.461,,,,,
1594177.749,5152921.999,,,,,
1594027.816,5152905.502,,,,,
1593894.678,5152955.462,,,,,
1593844.7,5153021.928,,,,,
1593827.895,5153288.304,,,,,
1593927.818,5153705.109,,,,,
1593946.661,5153733.355,,,,,
1594048.132,5153883.635,,,,,
1594047.997,5153885.261,,,,,
1594048.132,5154207.914,,,,,
1594011.044,5154338.321,,,,,
1593761.145,5154654.656,,,,,
1593727.658,5154771.102,,,,,
1593594.208,5154887.539,,,,,
1593361.015,5154987.478,,,,,
1593094.443,5154903.995,,,,,
1593010.987,5154771.052,,,,,
1592977.597,5154637.449,,,,,
1592961.026,5154571.143,,,,,
1592827.789,5154504.166,,,,,
1592799.902,5154462.176,,,,,
1592811.924,5154396.048,,,,,
1592900.584,5154314.795,,,,,
1592987,5154186.491,,,,,
1593070.885,5154160.556,,,,,
1593124.615,5154107.618,,,,,
1593200.65,5154077.383,,,,,
1593235.645,5154033.822,,,,,
1593244.864,5153958.218,,,,,
1593221.972,5153886.286,,,,,
1593175.665,5153740.782,,,,,
1593028.056,5153521.647,,,,,
1593078.043,5153271.767,,,,,
1592694.751,5152921.409,,,,,
1592644.773,5152838.445,,,,,
1592627.993,5152721.499,,,,,
1592578.023,5152621.539,,,,,
1592594.819,5152521.59,,,,,
1592661.496,5152438.637,,,,,
1592861.399,5152388.668,,,,,
1593161.556,5152438.667,,,,,
1593628.057,5152088.858,,,,,
1593628.065,5152022.392,,,,,
1593461.45,5151872.452,,,,,
1593278.243,5151805.476,,,,,
1593294.743,5151672.532,,,,,
1593328.23,5151639.049,,,,,
1593478.156,5151655.556,,,,,
1593594.909,5151472.653,,,,,
1593844.799,5151406.197,,,,,
1593862.361,5151374.652,,,,,
1593928.263,5151256.278,,,,,
1593894.991,5151089.351,,,,,
1593895.008,5150872.956,,,,,
1593928.296,5150789.493,,,,,
1593711.612,5150573.087,,,,,
1593642.726,5150586.743,,,,,
1593439.672,5150772.756,,,,,
1593314.756,5150767.428,,,,,
1593311.796,5150639.523,,,,,
1593428.557,5150473.117,,,,,
1593461.755,5150223.238,,,,,
1593614.262,5150114.178,,,,,
1593695.153,5150056.332,,,,,
1593678.472,5149939.885,,,,,
1593511.765,5149706.483,,,,,
1593445.304,5149556.554,,,,,
1593511.782,5149440.117,,,,,
1593495.299,5149323.671,,,,,
1593378.661,5149206.715,,,,,
1592945.375,5149073.252,,,,,
1592895.406,5148956.806,,,,,
1592778.669,5148856.836,,,,,
1592662.23,5148873.323,,,,,
1592628.743,5148906.806,,,,,
1592495.605,5148839.83,,,,,
1592345.391,5148639.91,,,,,
1592327.756,5148573.595,,,,,
1592327.716,5148573.444,,,,,
1592258.158,5148311.867,,,,,
1592245.781,5148023.696,,,,,
1592212.311,5147890.263,,,,,
1592328.99,5147407.001,,,,,
1592523.871,5147230.54,,,,,
1592594.729,5147166.38,,,,,
1592672.433,5147152.932,,,,,
1592695.831,5147148.883,,,,,
1592695.831,5147090.685,,,,,
1592662.353,5147057.692,,,,,
1592596.263,5147041.065,,,,,
1592529.224,5147024.199,,,,,
1592462.465,5146890.756,,,,,
1592462.482,5146607.394,,,,,
1592519.15,5146325.342,,,,,
1592529.372,5146274.462,,,,,
1592562.76,5146241.079,,,,,
1592588.049,5146101.727,,,,,
1592595.958,5146058.175,,,,,
1592747.954,5145921.504,,,,,
1592762.689,5145908.256,,,,,
1592896.156,5145508.457,,,,,
1592962.633,5145375.035,,,,,
1592979.348,5145108.659,,,,,
1593212.763,5144758.85,,,,,
1593212.771,5144608.921,,,,,
1592871.883,5144162.984,,,,,
1592867.993,5144157.894,,,,,
1592779.527,5144042.166,,,,,
1592785.447,5144001.134,,,,,
1592796.323,5143925.72,,,,,
1593112.898,5143609.405,,,,,
1593096.414,5143509.444,,,,,
1593046.444,5143459.465,,,,,
1593046.445,5143392.498,,,,,
1593096.431,5143342.529,,,,,
1593413.088,5143176.132,,,,,
1593563.03,5142976.243,,,,,
1593563.047,5142742.86,,,,,
1593529.767,5142692.881,,,,,
1593546.571,5142576.444,,,,,
1593696.497,5142559.958,,,,,
1593779.962,5142493.501,,,,,
1593796.478,5142243.622,,,,,
1593929.913,5142176.666,,,,,
1594063.066,5142026.757,,,,,
1594096.561,5141843.844,,,,,
1594213.314,5141743.903,,,,,
1594613.122,5141677.477,,,,,
1595163.071,5141411.151,,,,,
1595363.288,5141211.273,,,,,
1595396.477,5141144.305,,,,,
1595413.282,5140944.407,,,,,
1595513.247,5140794.487,,,,,
1595546.444,5140678.051,,,,,
1595546.766,5140411.685,,,,,
1595613.244,5140294.749,,,,,
1595796.665,5140094.859,,,,,
1595896.645,5139728.554,,,,,
1595846.676,5139645.091,,,,,
1595679.961,5139645.071,,,,,
1595563.521,5139612.078,,,,,
1595556.081,5139545.209,,,,,
1595546.84,5139462.158,,,,,
1595430.111,5139378.685,,,,,
1595146.743,5139411.649,,,,,
1594880.188,5139278.686,,,,,
1594866.844,5139277.834,,,,,
1594613.526,5139261.67,,,,,
1594413.639,5139111.73,,,,,
1594263.712,5139128.206,,,,,
1594258.751,5139135.643,,,,,
1594197.036,5139228.146,,,,,
1594030.314,5139278.106,,,,,
1594030.298,5139494.501,,,,,
1593963.854,5139508.072,,,,,
1593947.13,5139511.488,,,,,
1593870.876,5139498.521,,,,,
1593847.182,5139494.492,,,,,
1593846.983,5139496.066,,,,,
1593830.377,5139627.915,,,,,
1593796.89,5139661.398,,,,,
1593696.943,5139644.401,,,,,
1593646.981,5139511.458,,,,,
1593547.033,5139494.462,,,,,
1593463.857,5139677.865,,,,,
1593378.494,5139763.125,,,,,
1593163.675,5139977.683,,,,,
1592898.41,5140061.929,,,,,
1592797.148,5140094.089,,,,,
1592730.373,5140160.556,,,,,
1592730.365,5140260.505,,,,,
1592680.386,5140310.476,,,,,
1592496.975,5140310.455,,,,,
1592463.801,5140177.023,,,,,
1592380.543,5140177.012,,,,,
1592330.35,5140393.908,,,,,
1592247.092,5140360.415,,,,,
1592247.125,5140044.07,,,,,
1592280.413,5139994.1,,,,,
1592230.444,5139894.14,,,,,
1592147.185,5139877.144,,,,,
1592136.097,5139890.97,,,,,
1592013.735,5140043.55,,,,,
1591878.899,5140053.528,,,,,
1591774.539,5140061.3,,,,,
1591563.957,5140076.983,,,,,
1591380.536,5140193.41,,,,,
1591347.347,5140193.41,,,,,
1591293.115,5140149.996,,,,,
1591180.641,5140059.957,,,,,
1591014.05,5139793.571,,,,,
1590979.962,5139768.367,,,,,
1590840.477,5139665.237,,,,,
1590630.758,5139510.179,,,,,
1590530.811,5139493.671,,,,,
1590480.833,5139560.139,,,,,
1590466.915,5139643.675,,,,,
1590447.528,5139760.037,,,,,
1590397.55,5139810.007,,,,,
1590330.882,5139793.511,,,,,
1590297.601,5139710.048,,,,,
1590214.145,5139693.041,,,,,
1589997.544,5139776.484,,,,,
1589980.763,5139693.022,,,,,
1589947.582,5139660.038,,,,,
1589847.626,5139643.032,,,,,
1589847.618,5139792.961,,,,,
1589780.834,5139909.897,,,,,
1589680.878,5139942.87,,,,,
1589658.552,5139926.144,,,,,
1589547.452,5139842.911,,,,,
1589431.012,5139826.404,,,,,
1589414.417,5139942.073,,,,,
1589414.307,5139942.84,,,,,
1589447.488,5140026.304,,,,,
1589447.447,5140459.096,,,,,
1589630.636,5140725.991,,,,,
1589664.106,5140875.92,,,,,
1589639.014,5140901.105,,,,,
1589630.62,5140909.393,,,,,
1589547.362,5140892.397,,,,,
1589230.853,5140442.589,,,,,
1589197.581,5140292.659,,,,,
1589147.59,5140205.323,,,,,
1589130.922,5140176.203,,,,,
1589064.155,5140159.206,,,,,
1589014.169,5140276.142,,,,,
1588947.493,5140359.096,,,,,
1588814.257,5140375.572,,,,,
1588764.904,5140424.919,,,,,
1588730.792,5140459.025,,,,,
1588580.858,5140492.498,,,,,
1588530.88,5140542.469,,,,,
1588530.83,5141092.206,,,,,
1588497.336,5141142.177,,,,,
1588480.827,5141392.055,,,,,
1588564.07,5141574.979,,,,,
1588530.558,5141841.844,,,,,
1588504.172,5141854.931,,,,,
1588464.089,5141874.818,,,,,
1588314.171,5141758.361,,,,,
1588213.934,5141591.435,,,,,
1588030.869,5141075.16,,,,,
1587875.311,5140848.956,,,,,
1587847.679,5140808.774,,,,,
1587797.725,5140591.869,,,,,
1587731.066,5140475.422,,,,,
1587493.765,5140443.62,,,,,
1587231.014,5140408.406,,,,,
1587141.757,5140446.635,,,,,
1587114.368,5140458.366,,,,,
1586997.926,5140443.732,,,,,
1586847.697,5140424.853,,,,,
1586481.152,5140624.722,,,,,
1586477.255,5140628.601,,,,,
1586414.378,5140691.188,,,,,
1586314.422,5140724.662,,,,,
1586205.844,5140645.518,,,,,
1586131.323,5140591.199,,,,,
1586031.07,5140574.702,,,,,
1585947.902,5140624.672,,,,,
1585964.575,5140808.084,,,,,
1585973.136,5140819.839,,,,,
1586097.795,5140991.007,,,,,
1586114.476,5141140.936,,,,,
1586397.622,5141357.862,,,,,
1586680.958,5141624.268,,,,,
1586897.543,5141757.721,,,,,
1587030.771,5141874.677,,,,,
1587047.452,5141991.123,,,,,
1586963.988,5141991.123,,,,,
1586747.609,5141857.661,,,,,
1586072.263,5141519.771,,,,,
1586014.29,5141490.765,,,,,
1585914.333,5141474.259,,,,,
1585847.566,5141507.741,,,,,
1585814.369,5141607.692,,,,,
1585897.52,5141757.622,,,,,
1585897.512,5141824.098,,,,,
1585731.103,5141657.151,,,,,
1585464.53,5141640.635,,,,,
1585314.3,5141690.594,,,,,
1585114.404,5141590.625,,,,,
1584947.796,5141473.659,,,,,
1584901.405,5141483.123,,,,,
1584864.53,5141490.645,,,,,
1584864.522,5141539.318,,,,,
1584864.522,5141540.625,,,,,
1585114.388,5141774.037,,,,,
1585144.221,5141833.457,,,,,
1585181.138,5141906.98,,,,,
1585381.025,5142140.393,,,,,
1585564.133,5142240.363,,,,,
1585664.369,5142357.319,,,,,
1585730.822,5142557.229,,,,,
1585830.753,5142757.148,,,,,
1585880.715,5142957.057,,,,,
1585880.682,5143289.899,,,,,
1585963.825,5143473.322,,,,,
1585730.723,5143589.748,,,,,
1585697.245,5143589.739,,,,,
1585647.267,5143589.739,,,,,
1585530.86,5143156.427,,,,,
1585347.481,5142740.111,,,,,
1585114.305,5142590.152,,,,,
1584990.262,5142544.846,,,,,
1584930.901,5142523.165,,,,,
1584864.241,5142440.202,,,,,
1584597.571,5142406.689,,,,,
1584531.118,5142240.263,,,,,
1584430.964,5142223.256,,,,,
1584314.508,5142339.692,,,,,
1584097.807,5142339.672,,,,,
1584014.343,5142389.633,,,,,
1583997.628,5142573.045,,,,,
1584047.59,5142739.482,,,,,
1584097.559,5142822.944,,,,,
1584097.543,5143024.521,,,,,
1584097.535,5143122.803,,,,,
1584164.194,5143206.266,,,,,
1584197.458,5143389.189,,,,,
1584064.222,5143422.662,,,,,
1583964.274,5143372.672,,,,,
1583930.796,5143289.209,,,,,
1583791.788,5143161.818,,,,,
1583531.012,5142922.834,,,,,
1583481.042,5142905.838,,,,,
1583447.548,5142989.3,,,,,
1583331.092,5143055.756,,,,,
1583147.68,5143055.737,,,,,
1582864.336,5142839.311,,,,,
1582697.72,5142772.325,,,,,
1582547.786,5142755.818,,,,,
1582514.497,5142789.302,,,,,
1582530.964,5143055.677,,,,,
1582527.064,5143056.677,,,,,
1582464.495,5143072.164,,,,,
1582364.547,5142988.691,,,,,
1582281.091,5142972.184,,,,,
1582231.104,5143022.164,,,,,
1582247.852,5143488.449,,,,,
1582416.647,5143657.551,,,,,
1582430.951,5143671.881,,,,,
1582447.731,5143805.324,,,,,
1582597.632,5144138.676,,,,,
1582630.789,5144405.062,,,,,
1582697.547,5144555.001,,,,,
1582730.703,5144854.86,,,,,
1582597.27,5144821.367,,,,,
1582430.868,5144538.475,,,,,
1582197.503,5144288.076,,,,,
1582097.571,5144088.157,,,,,
1581714.279,5143721.781,,,,,
1581514.367,5143738.258,,,,,
1581347.752,5143654.775,,,,,
1581364.441,5143704.754,,,,,
1581464.389,5143754.745,,,,,
1581564.329,5143904.684,,,,,
1581614.266,5144288.015,,,,,
1581564.288,5144354.472,,,,,
1581547.59,5144437.935,,,,,
1581497.612,5144437.935,,,,,
1581447.634,5144387.946,,,,,
1581414.37,5144221.52,,,,,
1581347.711,5144121.56,,,,,
1581253.326,5144078.017,,,,,
1581131.018,5144021.59,,,,,
1581014.356,5144204.493,,,,,
1580814.435,5144287.936,,,,,
1580764.433,5144520.819,,,,,
1580664.179,5144554.292,,,,,
1580640.913,5144591.616,,,,,
1580581.004,5144687.724,,,,,
1580514.237,5144670.728,,,,,
1580464.267,5144604.251,,,,,
1580381.1,5144620.739,,,,,
1580397.583,5144737.684,,,,,
1580464.242,5144854.141,,,,,
1580481.023,5145004.07,,,,,
1580414.248,5145004.06,,,,,
1580364.27,5145004.06,,,,,
1580264.339,5144820.628,,,,,
1580147.717,5144487.275,,,,,
1580064.476,5144320.839,,,,,
1579981.02,5144270.85,,,,,
1579747.926,5144220.85,,,,,
1579664.445,5144387.265,,,,,
1579531.217,5144337.275,,,,,5135952.693
1579497.722,5144370.76,,,,,
1579531.184,5144603.652,,,,,
1579497.697,5144670.618,,,,,
1579480.984,5144920.507,,,,,
1579447.687,5144970.477,,,,,
1579181.091,5145170.366,,,,,
1579197.557,5145470.225,,,,,
1579080.796,5145620.145,,,,,
1579080.779,5145786.571,,,,,
1579114.258,5145836.55,,,,,
1579247.494,5145903.037,,,,,
1579295.27,5145942.938,,,,,
1579347.442,5145986.51,,,,,
1579380.903,5146236.4,,,,,
1579347.409,5146269.882,,,,,
1579247.461,5146236.389,,,,,
1578997.571,5146219.873,,,,,
1578964.084,5146252.856,,,,,
1578964.076,5146319.822,,,,,
1579113.985,5146602.704,,,,,
1579113.961,5146869.591,,,,,
1579047.186,5146919.56,,,,,
1578914.073,5146652.664,,,,,
1578580.743,5146386.249,,,,,
1578514.274,5146369.252,,,,,
1578447.498,5146436.219,,,,,
1578364.018,5146619.132,,,,,
1578197.385,5146702.574,,,,,
1578136.141,5146753.397,,,,,
1578097.421,5146785.528,,,,,
1578080.624,5146885.477,,,,,
1578247.331,5147052.423,,,,,
1578297.3,5147152.383,,,,,
1578313.982,5147285.826,,,,,
1578309.084,5147287.425,,,,,
1578264.004,5147302.313,,,,,
1578047.419,5147102.383,,,,,
1577814.028,5146985.406,,,,,
1577647.306,5146985.387,,,,,
1577580.828,5147068.85,,,,,
1577266.612,5147213.961,,,,,
1576749.968,5147263.7,,,,,
1575390.343,5147209.462,,,,,
1573535.565,5147048.534,,,,,
1570180.949,5146851.544,,,,,
1567747.187,5146620.95,,,,,
1566981.751,5146548.426,,,,,
1562993.582,5145803.618,,,,,
1560792.255,5145433.613,,,,,
1559039.362,5145162.848,,,,,
1557156.885,5144941.213,,,,,
1555107.834,5144733.735,,,,,
1553927.813,5144568.589,,,,,
1551613.394,5144176.239,,,,,
1550249.721,5143909.333,,,,,
1549972.537,5143852.755,,,,,
1549816.393,5143792.307,,,,,
1549633.163,5143775.79,,,,,
1548066.6,5143408.705,,,,,
1547016.723,5143091.669,,,,,
1545750.021,5142841.07,,,,,
1544043.725,5142276.625,,,,,
1543733.549,5142174.007,,,,,
1542717.631,5141721.816,,,,,
1542533.854,5141640.015,,,,,
1541567.268,5141173.03,,,,,
1541044.983,5140977.12,,,,,
1541033.984,5140973.021,,,,,
1540900.541,5140923.021,,,,,
1539967.442,5140439.54,,,,,
1538034.253,5139555.529,,,,,
1537335.54,5139188.552,,,,,
1536984.392,5139038.534,,,,,
1536951.203,5139038.524,,,,,
1536851.23,5139104.991,,,,,
1537317.739,5139321.986,,,,,
1537550.931,5139488.473,,,,,
1537684.381,5139505.489,,,,,
1537984.25,5139688.972,,,,,
1537850.989,5139705.448,,,,,
1537517.626,5139555.439,,,,,
1537134.269,5139504.899,,,,,
1536652.052,5139149.092,,,,,
1536600.028,5139090.943,,,,,
1536567.837,5139054.961,,,,,
1536501.054,5139054.941,,,,,
1536334.314,5139290.414,,,,,
1536106.556,5139246.862,,,,,
1535965.552,5139301.231,,,,,
1535966.517,5139185.224,,,,,
1536066.506,5139035.295,,,,,
1536201.169,5139004.911,,,,,
1536184.487,5138938.435,,,,,
1536544.299,5138973.215,,,,,
1536743.913,5138975.519,,,,,
1536750.985,5138972.018,,,,,
1536717.804,5138921.528,,,,,
1536326.999,5138832.425,,,,,
1535767.866,5138704.943,,,,,
1535325.576,5138528.246,,,,,
1534432.27,5138171.369,,,,,
1534257.494,5138101.545,,,,,
1533394.764,5137756.883,,,,,
1532218.096,5137286.801,,,,,
1531553.712,5136966.946,,,,,
1531268.183,5136869.766,,,,,
1530184.595,5136327.732,,,,,
1530001.704,5136236.244,,,,,
1529235.31,5135952.693,,,,,
